pdb_id,role,subset,total_length,predictor,rank,iptm,ptm,plddt,ranking_score,pdockq,pdockq_n_if_contacts,pdockq_if_plddt,dockq,irmsd,lrmsd,fnat,fnonnat,capri,model_file,pdockq_x,pdockq_plddt_scale,chain_mapping,dockq_error
9ASS,primary,main,326,boltz2,1,0.9033127427101135,0.9410771131515503,93.3966875076294,0.9278360605239868,0.582421122977211,86,91.44722033898306,0.9037838393550892,0.5280005313986214,2.4542853059551053,0.8985507246376812,0.1388888888888889,high,/home/sasha/github/cofold-bench/results/raw/boltz/9ASS/boltz_results_9ASS/predictions/9ASS/9ASS_model_0.cif,176.904506116292,1.0,"{'A': 'A', 'B': 'B'}",
9ASS,primary,main,326,af2m,1,0.91,0.93,94.13644171779134,0.9140000000000001,0.6178589930656775,85,94.79785714285715,0.8660630288316225,0.7581023426868596,2.7842958213501356,0.8985507246376812,0.18421052631578946,high,/home/sasha/github/cofold-bench/results/raw/colabfold/9ASS/9ASS_unrelaxed_rank_001_alphafold2_multimer_v3_model_3_seed_000.pdb,182.90477968858846,1.0,"{'A': 'A', 'B': 'B'}",
8RO8,primary,main,537,boltz2,1,0.943758487701416,0.8436084985733032,90.49169421195984,0.912685215473175,0.5754724133443823,79,92.66658181818185,0.8148429282192792,0.6545450982821744,5.897079867475652,0.9294117647058824,0.16842105263157894,high,/home/sasha/github/cofold-bench/results/raw/boltz/8RO8/boltz_results_8RO8/predictions/8RO8/8RO8_model_0.cif,175.84661611546414,1.0,"{'A': 'A', 'B': 'B'}",
8RO8,primary,main,537,af2m,1,0.92,0.81,87.2099813780261,0.8980000000000001,0.5820707512824566,70,95.84877551020408,0.8107728327811778,0.6147097350690758,6.121686498229454,0.9176470588235294,0.10344827586206896,high,/home/sasha/github/cofold-bench/results/raw/colabfold/8RO8/8RO8_unrelaxed_rank_001_alphafold2_multimer_v3_model_2_seed_000.pdb,176.85038783164404,1.0,"{'A': 'A', 'B': 'B'}",
9E9G,primary,main,210,boltz2,1,0.8706029653549194,0.9069570899009705,89.92613554000854,0.8935297131538391,0.23983276462102165,40,85.45203125,0.8310400055689424,0.8356309938372838,1.7965948622849692,0.7727272727272727,0.2916666666666667,high,/home/sasha/github/cofold-bench/results/raw/boltz/9E9G/boltz_results_9E9G/predictions/9E9G/9E9G_model_0.cif,136.89928044333178,1.0,"{'A': 'A', 'B': 'B'}",
9E9G,primary,main,210,af2m,1,0.77,0.82,89.14199999999995,0.7800000000000001,0.20817428664826954,34,86.68900000000001,0.19392200687268057,5.348137019568415,14.383376966756058,0.25,0.725,incorrect,/home/sasha/github/cofold-bench/results/raw/colabfold/9E9G/9E9G_unrelaxed_rank_001_alphafold2_multimer_v3_model_3_seed_000.pdb,132.76237583947608,1.0,"{'A': 'A', 'B': 'B'}",
9RS3,primary,main,535,boltz2,1,0.9507531523704529,0.9536671042442322,88.88174295425415,0.9012045860290527,0.7009000975914805,247,86.36950625,0.9164528322315473,0.7828350174346472,1.2864358736782315,0.9858156028368794,0.07333333333333333,high,/home/sasha/github/cofold-bench/results/raw/boltz/9RS3/boltz_results_9RS3/predictions/9RS3/9RS3_model_0.cif,206.65605445891666,1.0,"{'A': 'A', 'B': 'B'}",
9RS3,primary,main,535,af2m,1,0.87,0.89,87.69519626168204,0.8740000000000001,0.6759451450689371,172,88.03982758620688,0.9064345076860253,0.7262095549977464,1.7612542920719756,0.950354609929078,0.06293706293706294,high,/home/sasha/github/cofold-bench/results/raw/colabfold/9RS3/9RS3_unrelaxed_rank_001_alphafold2_multimer_v3_model_3_seed_000.pdb,196.81553902980144,1.0,"{'A': 'A', 'B': 'B'}",
9YGS,primary,main,251,boltz2,1,0.8790626525878906,0.9347370862960815,88.40452432632446,0.8830487132072449,0.11140862641303094,30,78.4542857142857,0.7750905082472254,1.0722130145951234,2.5192479296809607,0.7441860465116279,0.08571428571428572,medium,/home/sasha/github/cofold-bench/results/raw/boltz/9YGS/boltz_results_9YGS/predictions/9YGS/9YGS_model_0.cif,115.88649295242058,1.0,"{'A': 'A', 'B': 'B'}",
9YGS,primary,main,251,af2m,1,0.87,0.92,94.91545816733061,0.8800000000000001,0.31896839086089257,35,94.59689655172416,0.7269345038599136,1.3260345497633304,2.85614159614738,0.7209302325581395,0.20512820512820512,medium,/home/sasha/github/cofold-bench/results/raw/colabfold/9YGS/9YGS_unrelaxed_rank_001_alphafold2_multimer_v3_model_3_seed_000.pdb,146.06404506022605,1.0,"{'A': 'A', 'B': 'B'}",
9IRO,primary,main,358,boltz2,1,0.9148178696632385,0.9260228276252747,91.29218459129333,0.9133011102676392,0.5916743129571599,82,93.19921818181818,0.8594930791370952,0.729254636459971,3.454242694515637,0.9113924050632911,0.18181818181818182,high,/home/sasha/github/cofold-bench/results/raw/boltz/9IRO/boltz_results_9IRO/predictions/9IRO/9IRO_model_0.cif,178.36595478769598,1.0,"{'A': 'A', 'B': 'B'}",
9IRO,primary,main,358,af2m,1,0.88,0.89,90.75796089385479,0.8820000000000001,0.5900406219477776,75,94.98529411764706,0.8479499257061841,0.6348953156804377,4.2891638616136385,0.8987341772151899,0.15476190476190477,high,/home/sasha/github/cofold-bench/results/raw/colabfold/9IRO/9IRO_unrelaxed_rank_001_alphafold2_multimer_v3_model_5_seed_000.pdb,178.1032455918675,1.0,"{'A': 'A', 'B': 'B'}",
9Q0B,primary,main,425,boltz2,1,0.8742644190788269,0.936994194984436,97.54759073257446,0.9552335739135742,0.5868983028260933,72,95.623,0.8356949502224077,0.7482429680386914,1.6044814089322768,0.7407407407407407,0.24050632911392406,high,/home/sasha/github/cofold-bench/results/raw/boltz/9Q0B/boltz_results_9Q0B/predictions/9Q0B/9Q0B_model_0.cif,177.6037053062472,1.0,"{'A': 'A', 'B': 'B'}",
9Q0B,primary,main,425,af2m,1,0.87,0.92,95.2467294117647,0.8800000000000001,0.5061992497223299,75,88.85359375000002,0.6124008760196907,1.8718796778324516,3.3447537642709526,0.5802469135802469,0.44047619047619047,medium,/home/sasha/github/cofold-bench/results/raw/colabfold/9Q0B/9Q0B_unrelaxed_rank_001_alphafold2_multimer_v3_model_3_seed_000.pdb,166.6059317537679,1.0,"{'A': 'A', 'B': 'B'}",
8CM0,primary,main,324,boltz2,1,0.8339603543281555,0.8721126317977905,89.40849900245667,0.8820600509643555,0.47081455555088686,59,91.746925,0.7121196033106867,1.7273777332055291,2.2800085406790673,0.7735849056603774,0.22641509433962265,medium,/home/sasha/github/cofold-bench/results/raw/boltz/8CM0/boltz_results_8CM0/predictions/8CM0/8CM0_model_0.cif,162.47022669823093,1.0,"{'A': 'A', 'B': 'B'}",
8CM0,primary,main,324,af2m,1,0.84,0.82,85.73885802469137,0.8360000000000001,0.4392247226586115,59,89.765,0.7902336511599389,1.0885449299231742,3.0568661221016167,0.8301886792452831,0.12,medium,/home/sasha/github/cofold-bench/results/raw/colabfold/8CM0/8CM0_unrelaxed_rank_001_alphafold2_multimer_v3_model_4_seed_000.pdb,158.96053082505708,1.0,"{'A': 'A', 'B': 'B'}",
9J9W,primary,main,314,boltz2,1,0.9525993466377258,0.9559122920036316,94.15618777275085,0.9437693953514099,0.6069283982652888,80,95.07080645161291,0.8431085553432074,0.9462711669925306,1.8048432448744902,0.8571428571428571,0.1951219512195122,high,/home/sasha/github/cofold-bench/results/raw/boltz/9J9W/boltz_results_9J9W/predictions/9J9W/9J9W_model_0.cif,180.9282998133136,1.0,"{'A': 'A', 'B': 'B'}",
9J9W,primary,main,314,af2m,1,0.94,0.93,94.57949044585988,0.9380000000000001,0.5872011604597471,69,96.6101724137931,0.8997570558352009,0.7214193655526432,1.27376967160411,0.9090909090909091,0.0410958904109589,high,/home/sasha/github/cofold-bench/results/raw/colabfold/9J9W/9J9W_unrelaxed_rank_001_alphafold2_multimer_v3_model_1_seed_000.pdb,177.6515276990729,1.0,"{'A': 'A', 'B': 'B'}",
9SPR,primary,main,328,boltz2,1,0.8125713467597961,0.9055858850479126,89.96725082397461,0.8822523355484009,0.23614471209671112,44,83.018,0.012248961893583247,13.22464857590003,54.15267579547348,0.0,1.0,incorrect,/home/sasha/github/cofold-bench/results/raw/boltz/9SPR/boltz_results_9SPR/predictions/9SPR/9SPR_model_0.cif,136.4361542965303,1.0,"{'A': 'B', 'B': 'A'}",
9SPR,primary,main,328,af2m,1,0.19,0.61,86.47003048780489,0.274,0.15855898954445147,54,72.29276595744682,0.12395000906795106,6.188066464870971,12.495385323530664,0.0,1.0,incorrect,/home/sasha/github/cofold-bench/results/raw/colabfold/9SPR/9SPR_unrelaxed_rank_001_alphafold2_multimer_v3_model_2_seed_000.pdb,125.2395366250232,1.0,"{'A': 'A', 'B': 'B'}",
9FL4,primary,main,329,boltz2,1,0.9715554118156433,0.9699905514717102,94.62090134620667,0.9512783288955688,0.5780361865292868,69,95.83887272727274,0.9670723734631,0.3467503991865597,0.6815875880662953,0.9583333333333334,0.1375,high,/home/sasha/github/cofold-bench/results/raw/boltz/9FL4/boltz_results_9FL4/predictions/9FL4/9FL4_model_0.cif,176.233223971829,1.0,"{'A': 'A', 'B': 'B'}",
9FL4,primary,main,329,af2m,1,0.93,0.94,95.69990881458972,0.9320000000000002,0.5865777728885315,72,95.5957894736842,0.9144877392528133,0.6855913792169378,1.0233414375746521,0.9305555555555556,0.11842105263157894,high,/home/sasha/github/cofold-bench/results/raw/colabfold/9FL4/9FL4_unrelaxed_rank_001_alphafold2_multimer_v3_model_4_seed_000.pdb,177.55316631147588,1.0,"{'A': 'A', 'B': 'B'}",
9O24,primary,main,458,boltz2,1,0.9729306101799011,0.9781055450439453,97.78270721435547,0.976847767829895,0.7354705274313863,303,97.92053370786515,0.9416951970991662,0.5926768439125399,0.5258280220122412,0.9639344262295082,0.06369426751592357,high,/home/sasha/github/cofold-bench/results/raw/boltz/9O24/boltz_results_9O24/predictions/9O24/9O24_model_0.cif,242.98418654839347,1.0,"{'A': 'A', 'B': 'B'}",
9O24,primary,main,458,af2m,1,0.95,0.96,96.48578602620078,0.952,0.733777297975515,308,95.84078651685391,0.9167174060330803,0.69811889617589,0.8328630954965475,0.9377049180327869,0.0744336569579288,high,/home/sasha/github/cofold-bench/results/raw/colabfold/9O24/9O24_unrelaxed_rank_001_alphafold2_multimer_v3_model_5_seed_000.pdb,238.50465795648293,1.0,"{'A': 'A', 'B': 'B'}",
9HPX,primary,main,485,boltz2,1,0.9626963138580322,0.972163200378418,96.77006006240845,0.9666997790336609,0.7273140046429631,224,96.66063291139241,0.9459373738229843,0.5031052391974137,0.5691929585171607,0.9433962264150944,0.03474903474903475,high,/home/sasha/github/cofold-bench/results/raw/boltz/9HPX/boltz_results_9HPX/predictions/9HPX/9HPX_model_0.cif,227.17646095092596,1.0,"{'A': 'A', 'B': 'B'}",
9HPX,primary,main,485,af2m,1,0.94,0.95,96.53690721649482,0.942,0.7278218838696796,233,96.25381818181819,0.9069007563601229,0.680399767691416,0.7016718519511125,0.8981132075471698,0.05928853754940711,high,/home/sasha/github/cofold-bench/results/raw/colabfold/9HPX/9HPX_unrelaxed_rank_001_alphafold2_multimer_v3_model_2_seed_000.pdb,227.86704639408916,1.0,"{'A': 'A', 'B': 'B'}",
9I5Y,primary,main,442,boltz2,1,0.8321179151535034,0.9140142798423767,94.15911436080933,0.9196965098381042,0.2993337877408054,37,91.75744827586206,0.7516547231304701,1.167470922171085,2.9981254443084215,0.7428571428571429,0.2777777777777778,medium,/home/sasha/github/cofold-bench/results/raw/boltz/9I5Y/boltz_results_9I5Y/predictions/9I5Y/9I5Y_model_0.cif,143.894188582195,1.0,"{'A': 'A', 'B': 'B'}",
9I5Y,primary,main,442,af2m,1,0.85,0.92,94.183597285068,0.8640000000000001,0.325937309215392,37,93.62551724137933,0.7682496880725744,1.1513246736588967,2.76919904370663,0.7714285714285715,0.2894736842105263,medium,/home/sasha/github/cofold-bench/results/raw/colabfold/9I5Y/9I5Y_unrelaxed_rank_001_alphafold2_multimer_v3_model_3_seed_000.pdb,146.8236975545952,1.0,"{'A': 'A', 'B': 'B'}",
9OHL,primary,main,334,boltz2,1,0.9588466286659241,0.954626202583313,96.21768593788147,0.9615108370780945,0.5893208480940886,70,96.46542105263158,0.5709286170864306,3.190653461880714,4.368751883716466,0.7407407407407407,0.2,medium,/home/sasha/github/cofold-bench/results/raw/boltz/9OHL/boltz_results_9OHL/predictions/9OHL/9OHL_model_0.cif,177.98815931336057,1.0,"{'A': 'A', 'B': 'B'}",
9OHL,primary,main,334,af2m,1,0.94,0.92,92.44206586826353,0.936,0.5624940148636665,74,93.05983333333333,0.5979682052246896,2.9269816000990914,3.976077373373245,0.7654320987654321,0.19480519480519481,medium,/home/sasha/github/cofold-bench/results/raw/colabfold/9OHL/9OHL_unrelaxed_rank_001_alphafold2_multimer_v3_model_4_seed_000.pdb,173.9503922995447,1.0,"{'A': 'A', 'B': 'B'}",
9D5P,primary,main,400,boltz2,1,0.9300863146781921,0.9395341277122498,94.16431188583374,0.9393317103385925,0.5343789992629564,60,95.679525,0.9038025438260485,0.5853803850262742,0.9968210035018036,0.8571428571428571,0.047619047619047616,high,/home/sasha/github/cofold-bench/results/raw/boltz/9D5P/boltz_results_9D5P/predictions/9D5P/9D5P_model_0.cif,170.13266701486307,1.0,"{'A': 'A', 'B': 'B'}",
9D5P,primary,main,400,af2m,1,0.91,0.92,93.99737500000009,0.9120000000000001,0.550095752532798,60,96.85512195121952,0.8832385435906791,0.6514146896691131,1.219989458721419,0.8285714285714286,0.09375,high,/home/sasha/github/cofold-bench/results/raw/colabfold/9D5P/9D5P_unrelaxed_rank_001_alphafold2_multimer_v3_model_3_seed_000.pdb,172.22305620362127,1.0,"{'A': 'A', 'B': 'B'}",
9S61,backup,main,347,boltz2,1,0.9362463355064392,0.9255443215370178,90.10597467422485,0.9080970883369446,0.30572546565012837,36,92.91632258064514,0.4707018421642,4.582303197347494,5.027200011473299,0.574468085106383,0.2894736842105263,acceptable,/home/sasha/github/cofold-bench/results/raw/boltz/9S61/boltz_results_9S61/predictions/9S61/9S61_model_0.cif,144.605905194358,1.0,"{'A': 'A', 'B': 'B'}",
9S61,backup,main,347,af2m,1,0.86,0.87,88.36925072046112,0.8620000000000001,0.2731531637019982,47,84.27184210526315,0.6915900697556392,1.5770213710991525,2.870056000386769,0.7021276595744681,0.25,medium,/home/sasha/github/cofold-bench/results/raw/colabfold/9S61/9S61_unrelaxed_rank_001_alphafold2_multimer_v3_model_3_seed_000.pdb,140.9107666685075,1.0,"{'A': 'A', 'B': 'B'}",
9FWR,backup,main,421,boltz2,1,0.9663131833076477,0.9631431698799133,94.29482221603394,0.9476212859153748,0.7112599735945774,182,94.0372905982906,0.968884961270601,0.3232032487884604,0.4226635311641888,0.9534883720930233,0.06818181818181818,high,/home/sasha/github/cofold-bench/results/raw/boltz/9FWR/boltz_results_9FWR/predictions/9FWR/9FWR_model_0.cif,212.53098988483444,1.0,"{'A': 'A', 'B': 'B'}",
9FWR,backup,main,421,af2m,1,0.93,0.93,94.80239904988119,0.9300000000000002,0.7150452405386167,188,94.61205128205127,0.8964764681578391,0.7579833306916574,1.0178842357582598,0.9069767441860465,0.13812154696132597,high,/home/sasha/github/cofold-bench/results/raw/colabfold/9FWR/9FWR_unrelaxed_rank_001_alphafold2_multimer_v3_model_1_seed_000.pdb,215.16273905801472,1.0,"{'A': 'A', 'B': 'B'}",
9G0D,backup,main,330,boltz2,1,0.8880493640899658,0.8784754872322083,86.9996964931488,0.8736074566841125,0.1524440286270816,43,76.02452272727271,0.8280763182652954,1.086116078754659,2.327942155730752,0.8979591836734694,0.2786885245901639,high,/home/sasha/github/cofold-bench/results/raw/boltz/9G0D/boltz_results_9G0D/predictions/9G0D/9G0D_model_0.cif,124.18365972549334,1.0,"{'A': 'A', 'B': 'B'}",
9G0D,backup,main,330,af2m,1,0.88,0.87,91.88936363636357,0.8780000000000001,0.24139556710531895,43,83.92829787234042,0.8463742476629866,0.8747237963541555,3.219717099493025,0.9183673469387755,0.18181818181818182,high,/home/sasha/github/cofold-bench/results/raw/colabfold/9G0D/9G0D_unrelaxed_rank_001_alphafold2_multimer_v3_model_4_seed_000.pdb,137.09422710495542,1.0,"{'A': 'A', 'B': 'B'}",
9HMX,backup,main,493,boltz2,1,0.6890931129455566,0.7365065217018127,87.1084213256836,0.8346859812736511,0.3510365894833959,43,91.5396451612903,0.4582542053501853,2.913566002069594,10.49731966838247,0.7692307692307693,0.16666666666666666,acceptable,/home/sasha/github/cofold-bench/results/raw/boltz/9HMX/boltz_results_9HMX/predictions/9HMX/9HMX_model_0.cif,149.52712280591624,1.0,"{'A': 'A', 'B': 'B'}",
9HMX,backup,main,493,af2m,1,0.78,0.75,84.1541582150101,0.7740000000000001,0.3250786782748107,44,89.28176470588237,0.384011925431677,3.157725806002837,19.458745850420495,0.8076923076923077,0.10638297872340426,acceptable,/home/sasha/github/cofold-bench/results/raw/colabfold/9HMX/9HMX_unrelaxed_rank_001_alphafold2_multimer_v3_model_5_seed_000.pdb,146.7303551672924,1.0,"{'A': 'A', 'B': 'B'}",
9EZV,antibody_subset,antibody,261,boltz2,1,0.8079838156700134,0.8784019351005554,90.87494015693665,0.88859623670578,0.2749545905625176,44,85.86806060606061,0.5662233803982192,1.6166603913549455,6.000202110895124,0.5686274509803921,0.3695652173913043,medium,/home/sasha/github/cofold-bench/results/raw/boltz/9EZV/boltz_results_9EZV/predictions/9EZV/9EZV_model_0.cif,141.12009402770846,1.0,"{'A': 'A', 'B': 'B'}",
9EZV,antibody_subset,antibody,261,af2m,1,0.6,0.75,87.69061302681988,0.63,0.1664254552329969,39,79.5365625,0.34889768319819314,2.5091406859714507,12.04542401240016,0.45098039215686275,0.3783783783783784,acceptable,/home/sasha/github/cofold-bench/results/raw/colabfold/9EZV/9EZV_unrelaxed_rank_001_alphafold2_multimer_v3_model_5_seed_000.pdb,126.54780955830111,1.0,"{'A': 'A', 'B': 'B'}",
9UO0,antibody_subset,antibody,343,boltz2,1,0.9038278460502625,0.925251841545105,93.97668242454529,0.9325790405273438,0.3086408861506235,38,91.73960606060606,0.6125997621478141,1.5869050954959205,7.330475807998164,0.7924528301886793,0.125,medium,/home/sasha/github/cofold-bench/results/raw/boltz/9UO0/boltz_results_9UO0/predictions/9UO0/9UO0_model_0.cif,144.92872481463357,1.0,"{'A': 'A', 'B': 'B'}",
9UO0,antibody_subset,antibody,343,af2m,1,0.53,0.74,86.3562682215743,0.5720000000000001,0.23313155489494494,58,77.1534,0.014374663597013388,10.667881491565797,54.51235222145021,0.0,1.0,incorrect,/home/sasha/github/cofold-bench/results/raw/colabfold/9UO0/9UO0_unrelaxed_rank_001_alphafold2_multimer_v3_model_4_seed_000.pdb,136.05446535855873,1.0,"{'A': 'A', 'B': 'B'}",
